<?xml version="1.0" encoding="utf-8"?>
<LinearLayout xmlns:android="http://schemas.android.com/apk/res/android"
    xmlns:app="http://schemas.android.com/apk/res-auto"
    xmlns:tools="http://schemas.android.com/tools"
    android:layout_width="match_parent"
    android:layout_height="match_parent"
    android:orientation="vertical"
    android:background="@drawable/bg1"
    android:weightSum="10"
    tools:context=".Main7Activity">


    <RelativeLayout
        android:layout_weight="2"
        android:layout_width="match_parent"
        android:layout_height="0dp">

        <TextView
            android:id="@+id/textgrid"
            android:layout_width="wrap_content"
            android:layout_height="wrap_content"
            android:textSize="34dp"
            android:textColor="@android:color/white"
            android:layout_centerInParent="true"
            android:text="Ancient Pictures"/>

    </RelativeLayout>

    <GridLayout
        android:layout_width="match_parent"
        android:layout_height="0dp"
        android:layout_weight="8"
        android:alignmentMode="alignMargins"
        android:columnCount="2"
        android:columnOrderPreserved="false"
        android:padding="14dp"
        android:rowCount="3">

        <android.support.v7.widget.CardView
            android:layout_width="0dp"
            android:layout_height="0dp"
            android:layout_columnWeight="1"
            android:layout_marginBottom="16dp"
            android:layout_marginLeft="16dp"
            android:layout_marginRight="16dp"
            android:layout_rowWeight="1"
            app:cardCornerRadius="8dp"
            app:cardElevation="8dp">

            <LinearLayout
                android:layout_width="wrap_content"
                android:layout_height="wrap_content"
                android:layout_gravity="center_horizontal|center_vertical"
                android:layout_margin="16dp"
                android:orientation="vertical">


                <ImageView
                    android:layout_width="wrap_content"
                    android:layout_height="wrap_content"
                    android:layout_gravity="center_horizontal"
                    android:src="@drawable/an1" />


            </LinearLayout>


        </android.support.v7.widget.CardView>

        <android.support.v7.widget.CardView
            android:layout_width="0dp"
            android:layout_height="0dp"
            android:layout_columnWeight="1"
            android:layout_marginBottom="16dp"
            android:layout_marginLeft="16dp"
            android:layout_marginRight="16dp"
            android:layout_rowWeight="1"
            app:cardCornerRadius="8dp"
            app:cardElevation="8dp">

            <LinearLayout
                android:layout_width="wrap_content"
                android:layout_height="wrap_content"
                android:layout_gravity="center_horizontal|center_vertical"
                android:layout_margin="16dp"
                android:orientation="vertical">


                <ImageView
                    android:layout_width="wrap_content"
                    android:layout_height="wrap_content"
                    android:layout_gravity="center_horizontal"
                    android:src="@drawable/an2" />


            </LinearLayout>


        </android.support.v7.widget.CardView>

        <android.support.v7.widget.CardView
            android:layout_width="0dp"
            android:layout_height="0dp"
            android:layout_columnWeight="1"
            android:layout_marginBottom="16dp"
            android:layout_marginLeft="16dp"
            android:layout_marginRight="16dp"
            android:layout_rowWeight="1"
            app:cardCornerRadius="8dp"
            app:cardElevation="8dp">

            <LinearLayout
                android:layout_width="wrap_content"
                android:layout_height="wrap_content"
                android:layout_gravity="center_horizontal|center_vertical"
                android:layout_margin="16dp"
                android:orientation="vertical">


                <ImageView
                    android:layout_width="wrap_content"
                    android:layout_height="wrap_content"
                    android:layout_gravity="center_horizontal"
                    android:src="@drawable/an3" />


            </LinearLayout>


        </android.support.v7.widget.CardView>

        <android.support.v7.widget.CardView
            android:layout_width="0dp"
            android:layout_height="0dp"
            android:layout_columnWeight="1"
            android:layout_marginBottom="16dp"
            android:layout_marginLeft="16dp"
            android:layout_marginRight="16dp"
            android:layout_rowWeight="1"
            app:cardCornerRadius="8dp"
            app:cardElevation="8dp">

            <LinearLayout
                android:layout_width="wrap_content"
                android:layout_height="wrap_content"
                android:layout_gravity="center_horizontal|center_vertical"
                android:layout_margin="16dp"
                android:orientation="vertical">


                <ImageView
                    android:layout_width="wrap_content"
                    android:layout_height="wrap_content"
                    android:layout_gravity="center_horizontal"
                    android:src="@drawable/an4" />


            </LinearLayout>


        </android.support.v7.widget.CardView>

        <android.support.v7.widget.CardView
            android:layout_width="0dp"
            android:layout_height="0dp"
            android:layout_columnWeight="1"
            android:layout_marginBottom="16dp"
            android:layout_marginLeft="16dp"
            android:layout_marginRight="16dp"
            android:layout_rowWeight="1"
            app:cardCornerRadius="8dp"
            app:cardElevation="8dp">

            <LinearLayout
                android:layout_width="wrap_content"
                android:layout_height="wrap_content"
                android:layout_gravity="center_horizontal|center_vertical"
                android:layout_margin="16dp"
                android:orientation="vertical">


                <ImageView
                    android:layout_width="wrap_content"
                    android:layout_height="wrap_content"
                    android:layout_gravity="center_horizontal"
                    android:src="@drawable/an4" />


            </LinearLayout>


        </android.support.v7.widget.CardView>

        <android.support.v7.widget.CardView
            android:layout_width="0dp"
            android:layout_height="0dp"
            android:layout_columnWeight="1"
            android:layout_marginBottom="16dp"
            android:layout_marginLeft="16dp"
            android:layout_marginRight="16dp"
            android:layout_rowWeight="1"
            app:cardCornerRadius="8dp"
            app:cardElevation="8dp">

            <LinearLayout
                android:layout_width="wrap_content"
                android:layout_height="wrap_content"
                android:layout_gravity="center_horizontal|center_vertical"
                android:layout_margin="16dp"
                android:orientation="vertical">


                <ImageView
                    android:layout_width="wrap_content"
                    android:layout_height="wrap_content"
                    android:layout_gravity="center_horizontal"
                    android:src="@drawable/an5" />


            </LinearLayout>


        </android.support.v7.widget.CardView>

        <android.support.v7.widget.CardView
            android:layout_width="0dp"
            android:layout_height="0dp"
            android:layout_columnWeight="1"
            android:layout_marginBottom="16dp"
            android:layout_marginLeft="16dp"
            android:layout_marginRight="16dp"
            android:layout_rowWeight="1"
            app:cardCornerRadius="8dp"
            app:cardElevation="8dp">

            <LinearLayout
                android:layout_width="wrap_content"
                android:layout_height="wrap_content"
                android:layout_gravity="center_horizontal|center_vertical"
                android:layout_margin="16dp"
                android:orientation="vertical">


                <ImageView
                    android:layout_width="wrap_content"
                    android:layout_height="wrap_content"
                    android:layout_gravity="center_horizontal"
                    android:src="@drawable/an6" />


            </LinearLayout>


        </android.support.v7.widget.CardView>


        <android.support.v7.widget.CardView
            android:layout_width="0dp"
            android:layout_height="0dp"
            android:layout_columnWeight="1"
            android:layout_marginBottom="16dp"
            android:layout_marginLeft="16dp"
            android:layout_marginRight="16dp"
            android:layout_rowWeight="1"
            app:cardCornerRadius="8dp"
            app:cardElevation="8dp">

            <LinearLayout
                android:layout_width="wrap_content"
                android:layout_height="wrap_content"
                android:layout_gravity="center_horizontal|center_vertical"
                android:layout_margin="16dp"
                android:orientation="vertical">


                <ImageView
                    android:layout_width="wrap_content"
                    android:layout_height="wrap_content"
                    android:layout_gravity="center_horizontal"
                    android:src="@drawable/an7" />


            </LinearLayout>


        </android.support.v7.widget.CardView>

    </GridLayout>
</LinearLayout>

